{
	"1": 817,
	"2": 807.1000000238419,
	"3": 1116.0999999642372,
	"4": 847.0999999642372,
	"5": 778.1999999880791,
	"6": 785.5,
	"7": 776.0999999642372,
	"8": 759.9000000357628,
	"9": 805.1999999880791,
	"10": 797,
	"11": 766.1000000238419,
	"12": 825.8000000119209,
	"13": 794.4000000357628,
	"14": 859.3000000119209,
	"15": 744.5,
	"16": 795,
	"17": 813.6999999880791,
	"18": 831.1999999880791,
	"19": 772,
	"20": 903.8000000119209,
	"21": 957.3000000119209,
	"22": 777.3999999761581,
	"23": 850.3000000119209,
	"24": 810.5,
	"25": 773.9000000357628,
	"26": 743.0999999642372,
	"27": 751.1999999880791,
	"28": 773.9000000357628,
	"29": 757.5999999642372,
	"30": 785.8000000119209,
	"31": 804.1000000238419,
	"32": 798.6999999880791,
	"33": 763.5,
	"34": 747.6000000238419,
	"35": 749.6999999880791,
	"36": 778.5,
	"37": 794.5999999642372,
	"38": 794,
	"39": 777.1999999880791,
	"40": 749.8000000119209,
	"41": 744,
	"42": 746.1999999880791,
	"43": 779.5999999642372,
	"44": 906,
	"45": 797.1999999880791,
	"46": 765.8999999761581,
	"47": 764.2000000476837,
	"48": 864.8000000119209,
	"49": 810.1000000238419,
	"50": 845.2000000476837,
	"51": 908,
	"52": 891.5999999642372,
	"53": 913.5,
	"54": 856.1000000238419,
	"55": 935.0999999642372,
	"56": 935.7000000476837,
	"57": 846.3999999761581,
	"58": 766.8999999761581,
	"59": 796.8999999761581,
	"60": 755,
	"61": 799.0999999642372,
	"62": 878.1000000238419,
	"63": 863.1999999880791,
	"64": 973,
	"65": 1064.199999988079,
	"66": 983.2000000476837,
	"67": 920.3999999761581,
	"68": 1037,
	"69": 1011.8000000119209,
	"70": 993.4000000357628
}