{
	"1": 135.30000001192093,
	"2": 67.59999996423721,
	"3": 98.60000002384186,
	"4": 73.5,
	"5": 118.40000003576279,
	"6": 78.19999998807907,
	"7": 110.5,
	"8": 78.89999997615814,
	"9": 83.80000001192093,
	"10": 69,
	"11": 151,
	"12": 76.5,
	"13": 72.09999996423721,
	"14": 76,
	"15": 87.10000002384186,
	"16": 91.19999998807907,
	"17": 68.69999998807907,
	"18": 78.60000002384186,
	"19": 82.39999997615814,
	"20": 76.5,
	"21": 69,
	"22": 73.40000003576279,
	"23": 84.89999997615814,
	"24": 81.60000002384186,
	"25": 97.30000001192093,
	"26": 84.69999998807907,
	"27": 65.5,
	"28": 82.30000001192093,
	"29": 74,
	"30": 78.39999997615814,
	"31": 71.5,
	"32": 73,
	"33": 85.80000001192093,
	"34": 69.59999996423721,
	"35": 82.90000003576279,
	"36": 72.69999998807907,
	"37": 74.69999998807907,
	"38": 85.69999998807907,
	"39": 90.30000001192093,
	"40": 78.69999998807907,
	"41": 99.09999996423721,
	"42": 78.09999996423721,
	"43": 70,
	"44": 87.79999995231628,
	"45": 77.5,
	"46": 85,
	"47": 86.89999997615814,
	"48": 92.20000004768372,
	"49": 82.80000001192093,
	"50": 88.69999998807907,
	"51": 73.39999997615814,
	"52": 69.80000001192093,
	"53": 73.79999995231628,
	"54": 92.60000002384186,
	"55": 98.80000001192093,
	"56": 64.59999996423721,
	"57": 74.19999998807907,
	"58": 88.19999998807907,
	"59": 85.19999998807907,
	"60": 79,
	"61": 70,
	"62": 66.19999998807907,
	"63": 66.89999997615814,
	"64": 100.5,
	"65": 72.69999998807907,
	"66": 80.90000003576279,
	"67": 70.39999997615814,
	"68": 68.30000001192093,
	"69": 82.59999996423721,
	"70": 119
}